source,year_of_creation,domen,original_text,dataset_text,YandexGPT 5.1 Pro,GigaChat 2 Max, dataset_GigaChat 2 Max_3,dataset_YandexGPT 5.1 Pro_3,dataset_GigaChat 2 Max_4,dataset_YandexGPT 5.1 Pro_4,GPT-5 Chat_3,GPT-5 Chat_4,DeepSeek R1_4,metadata,url
"Андрей Белый, Петербург, Часть первая, Глава первая, в которой повествуется об одной достойной особе, ее умственных играх и эфемерности бытия, КАРЕТА ПОЛЕТЕЛА В ТУМАН",1913,Художественный,"Изморось поливала улицы и проспекты, тротуары и крыши.
Она поливала прохожих: и награждала их гриппами; ползли вместе с пылью дождя инфлуэнцы и гриппы под приподнятый воротник: гимназиста, студента, чиновника, офицера, субъекта; субъект озирался тоскливо; глядел на проспект; циркулировал он в бесконечность проспектов без всякого ропота — в потоке таких же, как он, — среди лёта и грохота, слушая голос автомобильных рулад.
—И — спотыкался о набережную, где приканчивалось все: глас рулады, субъект.
Издалека-далека, будто дальше, чем следует, опустились испуганно и принизились острова; и принизились здания; казалось — опустятся воды, и хлынет на них в этот миг: глубина, зеленоватая муть; а над этою зеленоватою мутью в тумане гремел и дрожал Николаевский мост.
В хмурое утро распахнулись двери желтого дома: дом окнами выходил на Неву; и лакей с галуном бросился подавать знаки кучеру. Серые кони рванулись и подкатили карету, на которой был выведен герб: единорог, прободающий рыцаря.
Молодцеватый квартальный, проходивший мимо крыльца, поглупел и вытянулся в струну, когда Аполлон Аполлонович Аблеухов в сером пальто и в высоком черном цилиндре с каменным лицом, напоминающим пресс-папье, быстро выбежал из подъезда и еще быстрее вбежал на подножку кареты, на ходу надевая черную замшевую перчатку.
Аполлон Аполлонович Аблеухов бросил мгновенный, растерянный взгляд на квартального надзирателя, на карету, на кучера, на большой черный мост, на пространство Невы, где так блекло чертились туманные, многотрубные дали, и оттуда испуганно поглядел Васильевский Остров.","Изморось падала на улицы, проспекты, тротуары и крыши. Она падала на прохожих и способствовала тому, что они заболевали гриппом. Вместе с пылью и каплями дождя вирусы гриппа попадали под приподнятый воротник гимназиста, студента, чиновника, офицера и других людей. Один из людей смотрел с грустью на проспект и ходил по проспектам без жалоб — вместе с другими людьми, среди шума и грохота, слушая звук автомобильных сигналов. 
И иногда он спотыкался у набережной, где всё заканчивалось: и звук сигналов, и путь человека. Издалека острова и здания казались меньше, чем есть на самом деле; казалось, что вода может подняться и затопить их в этот миг, а над зеленоватой мутью тумана дрожал и гремел Николаевский мост. 
В пасмутрное утро открылись двери жёлтого дома, окна которого выходили на Неву; лакей с галуном стал подавать знаки кучеру. Серые кони потянули карету, на которой был изображён герб: единорог, пронзающий рыцаря. 
Квартальный, который проходил мимо крыльца, выпрямился и удивился, когда Аполлон Аполлонович Аблеухов в сером пальто и высоком чёрном цилиндре с невозмутимым лицом быстро вышел из подъезда и ещё быстрее забрался в карету, на ходу надевая чёрную замшевую перчатку. 
Аполлон Аполлонович Аблеухов быстро и растерянно посмотрел на квартального, карету, кучера, большой чёрный мост и пространство Невы, где сквозь туман виднелись далёкие места с множеством труб, и оттуда, вызывая у наблюдателя чувство тревоги, был виден Васильевский Остров. 

","Изморось падала на улицы, проспекты, тротуары и крыши. Она падала на прохожих и способствовала тому, что они заболевали гриппом. Вместе с пылью и каплями дождя вирусы гриппа попадали под приподнятый воротник гимназиста, студента, чиновника, офицера и других людей. Один из людей смотрел с грустью на проспект и ходил по проспектам без жалоб — вместе с другими людьми, среди шума и грохота, слушая звук автомобильных сигналов. И иногда он спотыкался у набережной, где всё заканчивалось: и звук сигналов, и путь человека. Издалека острова и здания казались меньше, чем есть на самом деле; казалось, что вода может подняться и затопить их в этот миг, а над зеленоватой мутью тумана дрожал и гремел Николаевский мост. В хмурое утро открылись двери жёлтого дома, окна которого выходили на Неву; лакей с галуном стал подавать знаки кучеру. Серые кони потянули карету, на которой был изображён герб: единорог, пронзающий рыцаря. Квартальный, который проходил мимо крыльца, выпрямился и удивился, когда Аполлон Аполлонович Аблеухов в сером пальто и высоком чёрном цилиндре с невозмутимым лицом быстро вышел из подъезда и ещё быстрее забрался в карету, на ходу надевая чёрную замшевую перчатку. Аполлон Аполлонович Аблеухов быстро и растерянно посмотрел на квартального, карету, кучера, большой чёрный мост и пространство Невы, где сквозь туман виднелись далёкие места с множеством труб, и оттуда как будто с тревогой смотрел Васильевский Остров.

","Мелкий дождь поливал улицы и проспекты, тротуары и крыши. Он поливал прохожих и наградил их простудами; вместе с пылью дождя простуды проникали под поднятый воротник: гимназиста, студента, чиновника, офицера, человека неопределённого рода занятий; этот человек оглядывался с тоской; смотрел на проспект; он двигался по бесконечному проспекту без каких-либо жалоб — в потоке таких же, как он, — среди движения и шума, слушая звуки автомобильных гудков.  
— И — споткнулся о набережную, где всё завершалось: звук гудков, человек.  
Издалека, будто дальше, чем следовало, опустились, испуганные и приглушённые, острова; и опустились здания; казалось — опустятся воды, и хлынут на них в этот момент: глубина, зеленоватая муть; а над этой зеленоватой мутью в тумане гремел и дрожал Николаевский мост.  
В хмурое утро распахнулись двери желтого дома: дом окнами выходил на Неву; и лакей с галуном бросился подавать знаки кучеру. Серые кони рванулись и подкатили карету, на которой был изображён герб: единорог, пронзающий рыцаря.  
Молодцеватый квартальный, проходивший мимо крыльца, поглупел и вытянулся в струну, когда Аполлон Аполлонович Аблеухов в сером пальто и в высоком черном цилиндре с каменным лицом, напоминающим пресс-папье, быстро выбежал из подъезда и еще быстрее взобрался на подножку кареты, на ходу надевая черную замшевую перчатку.  
Аполлон Аполлонович Аблеухов бросил быстрый, растерянный взгляд на квартального надзирателя, на карету, на кучера, на большой черный мост, на пространство Невы, где так блекло вырисовывались туманные, многотрубные дали, и оттуда испуганно смотрел Васильевский остров. 
",,,"Мелкий дождь шел по улицам и проспектам, тротуарам и крышам.
Он попадал на прохожих: и способствовал возникновению у них простудных заболеваний; микробы и вирусы вместе с каплями дождя проникали под поднятый воротник: гимназиста, студента, чиновника, офицера, прохожего; прохожий смотрел вокруг уныло; смотрел на проспект; он двигался по бесконечным проспектам без каких-либо жалоб — в потоке таких же, как он, — среди движения и шума, слушая звуки автомобильных гудков.
—И — спотыкался о набережную, где заканчивалось все: звуки гудков, прохожий.
С далекого расстояния, как будто дальше, чем следовало, как будто в страхе и подавленности, опускались острова; и опускались здания; казалось — опустится вода, и затопит их в этот момент: глубина, зеленоватая мутная вода; а над этой зеленоватой мутной водой в тумане гремел и дрожал Николаевский мост.
В пасмурное утро открылись двери желтого дома: дом окнами смотрел на Неву; и лакей с галунами бросился подавать знаки кучеру. Серые лошади рванулись и подъехали с каретой, на которой был изображен герб: единорог, пронзающий рыцаря.
Бравый квартальный, проходивший мимо крыльца, был удивлен и вытянулся, когда Аполлон Аполлонович Аблеухов в сером пальто и в высоком черном цилиндре с неподвижным лицом, похожим на пресс-папье, быстро выбежал из подъезда и еще быстрее взобрался на подножку кареты, на ходу надевая черную замшевую перчатку.
Аполлон Аполлонович Аблеухов бросил быстрый, растерянный взгляд на квартального надзирателя, на карету, на кучера, на большой черный мост, на пространство Невы, где так слабо вырисовывались туманные, многотрубные дали, и оттуда с тревогой посмотрел на Васильевский Остров.","Изморось падала на улицы и проспекты, тротуары и крыши.
Изморось падала на прохожих и способствовала тому, что они заболевали гриппом; вместе с пылью дождя на одежду под воротник гимназиста, студента, чиновника, офицера, человека попадали микробы гриппа и инфлюэнцы; человек оглядывался с грустным видом; смотрел на проспект; ходил по проспектам без жалоб — вместе с другими людьми — среди движения и шума, слыша звук проезжающих автомобилей.
— И натыкался на набережную, где всё заканчивалось: звук автомобиля, человек.
Острова и здания казались расположенными очень далеко; казалось, что вода может подняться и затопить их в этот момент: глубокая зеленоватая вода; а над этой зеленоватой водой в тумане был слышен грохот и заметно дрожание Николаевского моста.
В пасмурное утро открылись двери жёлтого дома: дом окнами выходил на Неву; и лакей с галуном стал подавать знаки кучеру. Серые кони быстро повезли и подъехали к месту, где стояла карета с гербом: на гербе был изображён единорог, пронзающий рыцаря.
Молодцеватый квартальный, проходивший мимо крыльца, сильно удивился и выпрямился, когда Аполлон Аполлонович Аблеухов в сером пальто и в высоком чёрном цилиндре с невозмутимым лицом быстро вышел из подъезда и ещё быстрее поднялся на подножку кареты, на ходу надевая чёрную замшевую перчатку.
Аполлон Аполлонович Аблеухов быстро и растерянно посмотрел на квартального надзирателя, на карету, на кучера, на большой чёрный мост, на пространство Невы, где в тумане были видны далёкие места с множеством труб, и оттуда с испугом посмотрел в сторону Васильевского Острова.",,"Изморось падала на улицы и проспекты, на тротуары и крыши.
Она попадала и на прохожих и из-за нее они заболевали гриппом; вместе с мелкими каплями дождя и пылью под приподнятый воротник гимназиста, студента, чиновника, офицера, какого-то человека попадали возбудители инфлуэнцы и гриппа; этот человек оглядывался с выражением тоски; смотрел на проспект; он ходил по проспектам очень долго и не выражал недовольства — в потоке таких же людей, как он, — среди движения и шума, слушая звуки автомобилей, похожие на музыкальные пассажи.
И он доходил до набережной, где для него это движение заканчивалось: прекращались эти звуки и заканчивался его путь.
Издалека острова казались ниже и выглядели так, как будто опустились; ниже казались и здания; казалось, что уровень воды сейчас понизится и на них сразу пойдет: глубина и зеленоватая мутная вода; а над этой зеленоватой мутной водой в тумане раздавался громкий шум и заметно дрожал Николаевский мост.
В пасмурное утро широко открылись двери желтого дома: окна дома выходили на Неву; и лакей с галуном быстро стал подавать знаки кучеру. Серые кони резко тронулись с места и подкатили карету, на которой был изображен герб: единорог, который пронзает рыцаря.
Квартальный, проходивший мимо крыльца, растерялся и выпрямился, когда Аполлон Аполлонович Аблеухов в сером пальто и в высоком черном цилиндре с неподвижным выражением лица, похожего на пресс-папье, быстро выбежал из подъезда и еще быстрее вошел на подножку кареты, по пути надевая черную замшевую перчатку.
Аполлон Аполлонович Аблеухов быстро и растерянно посмотрел на квартального надзирателя, на карету, на кучера, на большой черный мост, на пространство Невы, где слабо виднелись туманные дали с множеством труб, и в ту сторону, откуда был виден Васильевский Остров, который из-за тумана казался похожим на испуганный взгляд.","Мелкий дождь покрывал улицы и проспекты, тротуары и крыши.
Он попадал на прохожих, способствуя распространению гриппа; вместе с каплями дождя распространялись инфекции под поднятые воротники: гимназиста, студента, чиновника, офицера, человека; человек оглядывался с грустью; смотрел на проспект; передвигался он по бесконечным проспектам без жалоб — среди множества таких же, как он, — в условиях шума и движения, слыша звуки автомобильных сигналов.
И резко останавливался у набережной, где всё завершалось: звуки сигналов, человек.
С очень большого расстояния, как будто дальше обычного, опустились и стали ниже острова; и стали ниже здания; возникало ощущение, что вода поднимется и затопит их зеленоватой мутной массой; а над этой зеленоватой мутью в тумане был виден Николаевский мост, издававший грохот и вибрирующий.
В пасмурное утро открылись двери желтого дома; дом имел окна, выходящие на Неву; лакей с галуном поспешил подать сигналы кучеру. Серые лошади резко двинулись и подвезли карету, на которой был изображен герб: единорог, пронзающий рыцаря копьем.
Стройный квартальный надзиратель, проходивший мимо крыльца, замешкался и встал по стойке смирно, когда Аполлон Аполлонович Аблеухов в сером пальто и высоком черном цилиндре с неподвижным лицом стремительно вышел из подъезда и еще быстрее поднялся на ступеньку кареты, продолжая надевать черную замшевую перчатку.
Аполлон Аполлонович Аблеухов быстро посмотрел с замешательством на квартального надзирателя, на карету, на кучера, на большой черный мост, на участок Невы, где неясно выделялись покрытые туманом дали с множеством труб, и оттуда с тревогой посмотрел в сторону Васильевского Острова.",промпт 4,Андрей Белый. Петербург. Роман
"Андрей Белый, Петербург, Часть первая, Глава первая, в которой повествуется об одной достойной особе, ее умственных играх и эфемерности бытия, МОКРАЯ ОСЕНЬ",1913,Художественный,"Мокрая осень летела над Петербургом; и невесело так мерцал сентябрёвский денек. Зеленоватым роем проносились там облачные клоки; они сгущались в желтоватый дым, припадающий к крышам угрозою. Зеленоватый рой поднимался безостановочно над безысходною далью невских просторов; темная водная глубина сталью своих чешуи билась в граниты; в зеленоватый рой убегал шпиц... с петербургской стороны. Описав в небе траурную дугу, темная полоса копоти высоко встала от труб пароходных; и хвостом упала в Неву. И бурлила Нева, и кричала отчаянно там свистком загудевшего пароходика, разбивала свои водяные, стальные щиты о каменные быки; и лизала граниты; натиском холодных невских ветров срывала она картузы, зонты, плащи и фуражки. И повсюду в воздухе взвесилась бледно-серая гниль; и оттуда, в Неву, в бледно-серую гниль, мокрое изваяние Всадника со скалы все так же кидало тяжелую, позеленевшую медь. И на этом мрачнеющем фоне хвостатой и виснущей копоти над сырыми камнями набережных перил, устремляя глаза в зараженную бациллами мутную невскую воду, так отчетливо вылепился силуэт Николая Аполлоновича в серой николаевской шинели и в студенческой набок надетой фуражке. Медленно подвигался Николай Аполлонович к серому, темному мосту, не улыбался, представляя собой довольно смешную фигуру: запахнувшись в шинель, он казался сутулым и каким-то безруким с пренелепо плясавшим по ветру шинельным крылом. У большого черного моста остановился он. Неприятная улыбка на мгновение вспыхнула на лице его и угасла; воспоминанья о неудачной любви охватили его, хлынувши натиском холодного ветра; Николай Аполлонович вспомнил одну туманную ночь; тою ночью он перегнулся через перила; обернулся и увидел, что никого нет; приподнял ногу; и резиновой гладкой калошей занес ее над перилами, да... так и остался: с приподнятою ногой; казалось бы, дальше должны были и воспоследовать следствия; но... Николай Аполлонович продолжал стоять с приподнятою ногой. Через несколько мгновений Николай Аполлонович опустил свою ногу.","Осенью в Петербурге было мокро; день в сентябре был нерадостным. Облака зелёного цвета пролетали по небу и сгущались в желтоватый туман, который нависал над крышами. Облака поднимались над просторами Невы; тёмная вода билась волнами о граниты; шпиль уходил в небо с петербургской стороны. От труб пароходов в небо поднимались тёмные полосы копоти, а затем опускались в Неву. Нева бурлила, пароходик свистел, волны бились о каменные опоры моста и омывали граниты; ветер срывал головные уборы, зонты, плащи и фуражки. В воздухе был туман бледно-серого цвета, и в Неву, в этот туман, статуя Всадника со скалы бросала тень. На фоне копоти и сырых камней перил был хорошо виден Николай Аполлонович в серой шинели и студенческой фуражке. Николай Аполлонович медленно шёл к тёмному мосту, не улыбался и выглядел немного смешно: запахнувшись в шинель, он казался сутулым и как будто безруким из-за того, что край шинели развевался на ветру. У большого чёрного моста он остановился. На его лице на мгновение появилась неприятная улыбка, а затем исчезла; он вспомнил о неудачной любви, вспомнил одну туманную ночь, когда он стоял у перил и видел, что рядом никого нет, поднял ногу и занёс её над перилами, но так и остался стоять с поднятой ногой. Через несколько мгновений Николай Аполлонович опустил ногу.

","Осенью в Петербурге было мокро; день в сентябре был нерадостным. Облака зелёного цвета пролетали по небу и сгущались в желтоватый туман, который нависал над крышами. Облака поднимались над просторами Невы; тёмная вода билась волнами о граниты; шпиль уходил в небо с петербургской стороны. От труб пароходов в небо поднимались тёмные полосы копоти, а затем опускались в Неву. Нева бурлила, пароходик свистел, волны бились о каменные опоры моста и омывали граниты; ветер срывал головные уборы, зонты, плащи и фуражки. В воздухе был туман бледно-серого цвета, и в Неву, в этот туман, статуя Всадника со скалы бросала тень. На фоне копоти и сырых камней перил был хорошо виден Николай Аполлонович в серой шинели и студенческой фуражке. Николай Аполлонович медленно шёл к тёмному мосту, не улыбался и выглядел немного смешно: запахнувшись в шинель, он казался сутулым и как будто безруким из-за того, что край шинели развевался на ветру. У большого чёрного моста он остановился. На его лице на мгновение появилась неприятная улыбка, а затем исчезла; он вспомнил о неудачной любви, вспомнил одну туманную ночь, когда он стоял у перил и видел, что рядом никого нет, поднял ногу и занёс её над перилами, но так и остался стоять с поднятой ногой. Через несколько мгновений Николай Аполлонович опустил ногу.

","Осень с дождём шла над Петербургом; и невесело так мерцал сентябрьский день. Зеленоватым роем проносились там клочья облаков; они сгущались в желтоватый дым, опускающийся к крышам как угроза. Зеленоватый рой поднимался непрерывно над бесконечной далью невских просторов; тёмная водная глубина, словно стальные чешуи, билась о гранитные берега; в зеленоватый рой уходил шпиц... с петербургской стороны. Описав в небе траурную дугу, тёмная полоса копоти высоко поднялась от труб пароходных; и хвостом упала в Неву. И бурлила Нева, и отчаянно свистел гудок пароходика, разбивая свои водяные, стальные щиты о каменные опоры; и брызгала на гранит; порывами холодных невских ветров срывала она картузы, зонты, плащи и фуражки. И повсюду в воздухе была взвешена бледно-серая гниль; и оттуда, в Неву, в бледно-серую гниль, мокрое изваяние Всадника со скалы всё так же бросало тяжелую, позеленевшую медь. И на этом мрачнеющем фоне хвостатой и висящей копоти над сырыми камнями перил набережных, устремляя глаза в заражённую бациллами мутную невскую воду, так отчетливо выделялась фигура Николая Аполлоновича в серой николаевской шинели и в студенческой фуражке, надетой набок. Медленно двигался Николай Аполлонович к серому, тёмному мосту, не улыбался, представляя собой довольно смешную фигуру: запахнувшись в шинель, он казался сутулым и каким-то безруким с нелепо плясавшим по ветру шинельным крылом. У большого чёрного моста остановился он. Неприятная улыбка на мгновение появилась на лице его и исчезла; воспоминания о неудачной любви охватили его, нахлынувши натиском холодного ветра; Николай Аполлонович вспомнил одну туманную ночь; в ту ночь он перегнулся через перила; обернулся и увидел, что никого нет; приподнял ногу; и резиновой гладкой калошей занес её над перилами, да... так и остался: с приподнятою ногой; казалось бы, дальше должны были и последовать последствия; но... Николай Аполлонович продолжал стоять с приподнятою ногой. Через несколько мгновений Николай Аполлонович опустил свою ногу.

",,"Осень с дождливой погодой наступила в Петербурге, и день в сентябре выглядел не очень радостным. Облака, имеющие зеленоватый оттенок, быстро двигались по небу и собирались в плотные массы, которые напоминали желтоватый дым и нависали над крышами. Облака непрерывно появлялись над обширными пространствами Невы. Вода в реке билась о гранитные берега. Шпиль какого-то здания скрывался за облаками со стороны Петербурга. Из труб парохода вышел дым в виде тёмной полосы, поднялся высоко и опустился на Неву. Река волновалась, пароход подавал сигналы свистком, волны ударялись о опоры мостов, ветер срывал головные уборы и верхнюю одежду с людей. В воздухе присутствовал бледно-серый туман или пыль. Статуя всадника на скале по-прежнему отбрасывала тень на Неву. На фоне дыма и сырых камней перил набережных был хорошо виден Николай Аполлонович в серой шинели и студенческой фуражке, надеттой набок. Николай Аполлонович медленно шёл к серому мосту, не улыбался и выглядел несколько нелепо, потому что, запахнувшись в шинель, казался сутулым, а край шинели развевался на ветру. У большого чёрного моста он остановился. На его лице на мгновение появилась неприятная улыбка, которая быстро исчезла. Он вспомнил о неудачной любви и одну туманную ночь, когда он стоял у перил, оглянулся и увидел, что рядом никого нет, приподнял ногу и держал её над перилами, но потом опустил.","Осень с дождями стояла над Петербургом; день в сентябре был мрачным и нерадостным. Над городом проносились облака зеленоватого оттенка, они сгущались в желтоватую дымку, нависавшую над крышами, как угроза. Зеленоватые облака непрерывно поднимались над бескрайними просторами Невы; темные воды реки, покрытые рябью, бились о гранитные берега; шпиль здания с петербургской стороны исчезал в зеленоватом тумане. Темная полоса дыма, описав в небе траурную дугу, поднялась высоко от пароходных труб и затем опустилась в Неву. Нева бурлила, свисток парохода громко звучал, волны разбивались о гранитные опоры моста; холодный ветер с Невы срывал с людей шапки, зонты, плащи и фуражки. Повсюду в воздухе висела бледно-серая сырость; из этой сырости, стоя в Неве, бронзовая статуя Петра Великого на Сенатской площади продолжала отбрасывать тяжелую позеленевшую тень. На фоне этого мрачного пейзажа с полосами дыма, нависшими над сырыми камнями перил набережной, отчетливо выделялась фигура Николая Аполлоновича в серой шинели и студенческой фуражке, надетой набекрень. Николай Аполлонович медленно шел к серому и темному мосту, не улыбаясь; запахнувшись в шинель, он выглядел сутулым и неуклюжим, с полосками шинели, развевавшимися на ветру. Дойдя до большого черного моста, он остановился. На его лице на мгновение появилась неприятная улыбка, но быстро исчезла; воспоминания о неудавшейся любви охватили его, нахлынув, как холодный ветер; Николай Аполлонович вспомнил одну туманную ночь; в ту ночь он перегнулся через перила моста, обернулся и увидел, что никого нет; приподнял ногу и занес ее над перилами, но... так и остался стоять с приподнятой ногой. Через несколько мгновений Николай Аполлонович опустил ногу.","Осенью в Петербурге было сыро. День в сентябре был пасмурным. Облака, собранные в группы зеленоватого оттенка, плыли по небу и сгущались, образуя желтоватую дымку, которая опускалась к крышам. Облака непрерывно появлялись над просторами Невы. Волны тёмной воды ударялись о гранитные берега. Шпиль с петербургской стороны был виден на фоне облаков. Из труб пароходов шёл дым, который поднимался в небо, а затем опускался к воде. Нева была неспокойной, с парохода раздавался звук свистка, волны ударялись о опоры моста и омывали гранитные берега. Ветер срывал головные уборы, зонты, плащи и фуражки. В воздухе находилась взвесь бледно-серых частиц. С памятника на скале статуя всадника смотрела на Неву, в которой отражался позеленевший металл. На фоне дыма и сырых камней перил набережной был хорошо виден Николай Аполлонович в серой шинели и студенческой фуражке, надетой набок. Николай Аполлонович медленно шёл к серому мосту, не улыбался и выглядел несколько странно: запахнувшись в шинель, он казался сутулым. У большого чёрного моста он остановился. На его лице на мгновение появилась неприятная улыбка, которая быстро исчезла. Николай Аполлонович вспомнил о неудачной любви и одну туманную ночь. В ту ночь он перегнулся через перила, обернулся, увидел, что рядом никого нет, приподнял ногу и занёс её над перилами, но остался стоять с приподнятой ногой. Спустя некоторое время Николай Аполлонович опустил ногу.",,,,,Андрей Белый. Петербург. Роман
"Е. И. Замятин, МЫ, Запись 1-ая",1920,Художественный,"«Через 120 дней заканчивается постройка ИНТЕГРАЛА. Близок великий, исторический час, когда первый ИНТЕГРАЛ взовьется в мировое пространство. Тысячу лет тому назад ваши героические предки покорили власти Единого Государства весь земной шар. Вам предстоит еще более славный подвиг: стеклянным, электрическим, огнедышащим ИНТЕГРАЛОМ проинтегрировать бесконечное уравнение вселенной. Вам предстоит благодетельному игу разума подчинить неведомые существа, обитающие на иных планетах, — быть может, еще в диком состоянии свободы. Если они не поймут, что мы несем им математически-безошибочное счастье, — наш долг заставить их быть счастливыми. Но прежде оружия — мы испытываем слово.
От имени Благодетеля объявляется всем нумерам Единого Государства:
Всякий, кто чувствует себя в силах, обязан составлять трактаты, поэмы, манифесты, оды или иные сочинения о красоте и величии Единого Государства.
Это будет первый груз, который понесет ИНТЕГРАЛ.
Да здравствует Единое Государство, да здравствуют нумера, да здравствует Благодетель!»
Я пишу это — и чувствую: у меня горят щеки. Да: проинтегрировать грандиозное вселенское уравнение. Да: разогнуть дикую кривую, выпрямить ее по касательной — асимптоте — по прямой. Потому что линия Единого Государства — это прямая. Великая, божественная, точная, мудрая прямая — мудрейшая из линий...","«Через 120 дней заканчивается постройка ИНТЕГРАЛА. Приближается важный исторический момент, когда первый ИНТЕГРАЛ поднимется в космическое пространство. Тысячу лет тому назад ваши предки, проявив героизм, подчинили власти Единого Государства всю территорию Земли. Вам предстоит ещё более значительная задача: с помощью стеклянного, электрического, оснащённого двигателями ИНТЕГРАЛА исследовать вселенную и найти решение вопросов о ее устройстве. Вам предстоит заставить неизвестные существа, обитающие на других планетах, возможно, ещё не знающие о преимуществах упорядоченной жизни, принять разумный порядок. Если они не поймут, что мы предлагаем им гарантированное счастье, основанное на рациональных принципах, — наш долг помочь им обрести это счастье. Но прежде чем прибегать к силе, мы попробуем воздействовать словом.
От имени Благодетеля объявляется всем нумерам Единого Государства:
Всякий, кто чувствует себя в силах, обязан составлять трактаты, поэмы, манифесты, оды или иные сочинения о красоте и величии Единого Государства.
Эти произведения станут первым грузом, который повезёт ИНТЕГРАЛ.
Да здравствует Единое Государство, да здравствуют нумера, да здравствует Благодетель!»
Я пишу это — и чувствую: у меня краснеют щёки. Да: решить грандиозное вселенское уравнение. Да: преобразовать непредсказуемую и сложную ситуацию, привести её к упорядоченному и предсказуемому состоянию. Потому что принцип Единого Государства — это упорядоченность и прямолинейность. Упорядоченность и прямолинейность — наилучший принцип организации жизни...»","«Через 120 дней заканчивается постройка ИНТЕГРАЛА. Приближается важный исторический момент, когда первый ИНТЕГРАЛ поднимется в космическое пространство. Тысячу лет тому назад ваши предки, проявив героизм, подчинили власти Единого Государства всю территорию Земли. Вам предстоит ещё более значительная задача: с помощью стеклянного, электрического, оснащённого двигателями ИНТЕГРАЛА исследовать вселенную и найти решение её загадок. Вам предстоит заставить неизвестные существа, обитающие на других планетах, возможно, ещё не знающие о преимуществах упорядоченной жизни, принять разумный порядок. Если они не поймут, что мы предлагаем им гарантированное счастье, основанное на рациональных принципах, — наш долг помочь им обрести это счастье. Но прежде чем прибегать к силе, мы попробуем воздействовать словом.
От имени Благодетеля объявляется всем нумерам Единого Государства:
Всякий, кто чувствует себя в силах, обязан составлять трактаты, поэмы, манифесты, оды или иные сочинения о красоте и величии Единого Государства.
Эти произведения станут первым грузом, который повезёт ИНТЕГРАЛ.
Да здравствует Единое Государство, да здравствуют нумера, да здравствует Благодетель!»
Я пишу это — и чувствую: у меня краснеют щёки. Да: решить грандиозное вселенское уравнение. Да: преобразовать непредсказуемую и сложную ситуацию, привести её к упорядоченному и предсказуемому состоянию. Потому что принцип Единого Государства — это упорядоченность и прямолинейность. Упорядоченность и прямолинейность — наилучший принцип организации жизни...»","«Через 120 дней завершится строительство ИНТЕГРАЛА. Приближается важное историческое событие, когда первый ИНТЕГРАЛ отправится в космическое пространство. Тысячу лет назад ваши героические предки подчинили власти Единого Государства весь земной шар. Вам предстоит совершить еще более значительное деяние: с помощью стеклянного, электрического, испускающего пламя ИНТЕГРАЛА найти решение бесконечного уравнения вселенной. Вам предстоит подчинить разуму неизвестные существа, живущие на других планетах, — возможно, еще находящиеся в состоянии дикой свободы. Если они не осознают, что мы приносим им абсолютно правильное счастье, — наша обязанность заставить их быть счастливыми. Но прежде применения оружия — мы испытываем силу слова.
От имени Благодетеля объявляется всем гражданам Единого Государства:
Каждый, кто чувствует себя способным, обязан создавать трактаты, поэмы, манифесты, оды или другие произведения о красоте и величии Единого Государства.
Это будет первый груз, который доставит ИНТЕГРАЛ.
Да здравствует Единое Государство, да здравствуют граждане, да здравствует Благодетель!»
Я пишу это — и ощущаю: у меня краснеют щеки. Да: найти решение грандиозного вселенского уравнения. Да: выпрямить кривую, сделать ее прямой. Потому что линия Единого Государства — это прямая. Великая, идеальная, точная, мудрая прямая — самая разумная из линий...»",,,,,,,,,
"Е. И. Замятин, МЫ, Запись 6-ая",1920,Художественный,"Через 5 минут мы были уже на аэро. Синяя майская майолика неба — и легкое солнце — на своем золотом аэро жужжит следом за нами, не обгоняя и не отставая. Но там, впереди, белеет бельмом облако, нелепое, пухлое — как щеки старинного «купидона» — и это как-то мешает. Переднее окошко поднято, ветер, сохнут губы — поневоле их все время облизываешь и все время думаешь о губах. Вот уже видны издали мутно-зеленые пятна — там, за Стеною. Затем легкое, невольное замирание сердца — вниз, вниз, вниз — как с крутой горы — и мы у Древнего Дома. Все это странное, хрупкое, слепое сооружение одето кругом в стеклянную скорлупу: иначе оно, конечно, давно бы уже рухнуло. У стеклянной двери — старуха, вся сморщенная — и особенно рот: одни складки, сборки, губы уже ушли внутрь, рот как-то зарос — и было совсем невероятно, чтобы она заговорила. И все же — заговорила.— Ну, что, милые, домик мой пришли поглядеть? — и морщины засияли (т. е., вероятно, сложились лучеобразно, что и создало впечатление «засияли»).— Да, бабушка, опять захотелось, — сказала ей I.Морщинки сияли:— Солнце-то, а? Ну, что, что? Ах, проказница, ах, проказница! Знаю-ю, знаю! Ну, ладно: одни идите, я уж лучше тут, на солнце...Гм... Вероятно, моя спутница — тут частый гость. Мне хочется что-то с себя стряхнуть — мешает: вероятно, все тот же неотвязный зрительный образ: облако на гладкой синей майолике. Когда поднимались по широкой, темной лестнице, I сказала:— Люблю я ее — старуху эту.— За что?— А не знаю. Может быть — за ее рот. А может быть — ни за что. Просто так. Я пожал плечами. Она продолжала — улыбаясь чуть-чуть, а может быть, даже совсем не улыбаясь:— Я чувствую себя очень виноватой. Ясно, что должна быть не «просто-так-любовь», а «потому-что-любовь». Все стихии должны быть...",,"Через 5 минут мы были уже на аэро. Небо было синего цвета, и солнце светило. Солнце следовало за нами, не опережая и не отставая. Впереди было белое облако, которое казалось большим и пухлым, и это как-то мешало. Переднее окошко было поднято, ветер сушил губы, и приходилось их облизывать. Издали были видны мутно-зелёные пятна за Стеной. Потом мы спустились и оказались у Древнего Дома. Странное, хрупкое сооружение было окружено стеклянной оболочкой, без которой оно могло бы разрушиться. У стеклянной двери стояла старуха с морщинистым лицом, особенно вокруг рта. Она заговорила: «Ну, что, милые, домик мой пришли поглядеть?» Морщины на её лице сложились так, что казалось, будто они сияют. «Да, бабушка, опять захотелось», — сказала ей I. Старуха продолжила: «Солнце-то, а? Ну, что, что? Ах, проказница, ах, проказница! Знаю-ю, знаю! Ну, ладно: одни идите, я уж лучше тут, на солнце...» Вероятно, моя спутница часто приходила сюда. Мне хотелось избавиться от мысли об облаке на синем небе. Когда мы поднимались по широкой тёмной лестнице, I сказала: «Люблю я её — старуху эту». «За что?» — спросил я. «А не знаю. Может быть, за её рот. А может быть, ни за что. Просто так», — ответила она. Я пожал плечами. Она продолжила, возможно слегка улыбаясь: «Я чувствую себя очень виноватой. Ясно, что должна быть причина для любви, а не любовь без причины. Все стихии должны быть...»

","Через 5 минут мы уже были на аэроплане. Синяя майская майолика неба — и лёгкое солнце — на своём золотом аэроплане жужжит следом за нами, не обгоняя и не отставая. Но там, впереди, белеет облако, нелепое, пухлое — как щеки старинного «купидона» — и это как-то мешает. Переднее окно поднято, ветер сушит губы — поневоле их все время облизываешь и все время думаешь о губах. Вот уже видны издали мутно-зеленые пятна — там, за Стеною. Затем лёгкое, невольное замирание сердца — вниз, вниз, вниз — как с крутой горы — и мы у Древнего Дома. Всё это странное, хрупкое, слепое сооружение окружено со всех сторон стеклянной скорлупой: иначе оно, конечно, давно бы уже рухнуло. У стеклянной двери — старуха, вся сморщенная — и особенно рот: одни складки, сборки, губы уже ушли внутрь, рот как-то зарос — и было совсем невероятно, чтобы она заговорила. И все же — заговорила.  
— Ну, что, милые, домик мой пришли поглядеть? — и морщины засияли (т. е., вероятно, сложились лучеобразно, что и создало впечатление «засияли»).  
— Да, бабушка, опять захотелось, — сказала ей I.  
Морщинки сияли:  
— Солнце-то, а? Ну, что, что? Ах, проказница, ах, проказница! Знаю-ю, знаю! Ну, ладно: одни идите, я уж лучше тут, на солнце...  
Гм... Вероятно, моя спутница — тут частый гость. Мне хочется что-то с себя стряхнуть — мешает: вероятно, все тот же неотвязный зрительный образ: облако на гладкой синей майолике. Когда поднимались по широкой, тёмной лестнице, I сказала:  
— Люблю я её — старуху эту.  
— За что?  
— А не знаю. Может быть — за её рот. А может быть — ни за что. Просто так. Я пожал плечами. Она продолжала — улыбаясь чуть-чуть, а может быть, даже совсем не улыбаясь:  
— Я чувствую себя очень виноватой. Ясно, что должна быть не «просто-так-любовь», а «потому-что-любовь». Все стихии должны быть...

",,,"Через пять минут мы уже находились на аэро. Небо было голубое, майское, солнце светило мягко — наш аэро с золотым покрытием летел за нами, не опережая и не отставая. Но впереди белело облако, которое выглядело нелепо и пухло, напоминая щеки старинного изображения «купидона», и это как-то отвлекало. Переднее стекло поднято, ветер дует, губы сохнут — приходится постоянно их облизывать и постоянно думать о губах. Уже видны издалека мутно-зеленые пятна — там, за Стеною. Затем легкое, невольное замедление сердцебиения — мы снижаемся, снижаемся, снижаемся — как будто спускаемся с крутой горы — и мы подлетаем к Древнему Дому. Это странное, хрупкое, слепое сооружение окружено стеклянной оболочкой: иначе оно, конечно, давно бы уже разрушилось. У стеклянной двери стоит старуха, вся морщинистая — особенно рот: одни складки, губы как бы исчезли внутрь, рот как-то зарос — и было совершенно невероятно, что она заговорит. И все же — она заговорила.— Ну, что, милые, пришли посмотреть мой домик? — и морщины сложились лучеобразно (т. е., вероятно, образовали рисунок, напоминающий сияние).— Да, бабушка, снова захотелось, — сказала ей I.Морщины сложились лучеобразно:— Солнце-то, а? Ну, что, что? Ах, проказница, ах, проказница! Знаю-ю, знаю! Ну, ладно: идите одни, я лучше останусь здесь, на солнце...Гм... Вероятно, моя спутница — здесь частая гостья. Мне хочется избавиться от чего-то, что мешает: вероятно, это тот же неотвязный зрительный образ: облако на гладкой синей поверхности. Когда мы поднимались по широкой, темной лестнице, I сказала:— Люблю я ее — эту старуху.— За что?— А не знаю. Может быть — за ее рот. А может быть — ни за что. Просто так. Я пожал плечами. Она продолжила — чуть улыбаясь, а может быть, даже совсем не улыбаясь:— Я чувствую себя очень виноватой. Ясно, что должна быть не «просто так любовь», а «потому что любовь». Все элементы должны быть...","Через 5 минут мы были уже на аэро. Небо было синего цвета, как майская майолика, и солнце светило не слишком ярко — на своём золотом аэро оно следовало за нами, не обгоняя и не отставая. Но там, впереди, виднелось большое и нелепое облако, с пухлыми краями — и это как-то мешало. Переднее окошко было поднято, дул ветер, губы сохли — приходилось всё время их облизывать, и всё время я думал о губах. Вот уже видны издали мутно-зелёные пятна — там, за Стеною. Затем мы начали спускаться вниз, и это вызывало лёгкое волнение — и вот мы у Древнего Дома. Всё это странное, хрупкое сооружение было окружено стеклянной конструкцией: без неё оно, конечно, давно бы разрушилось. У стеклянной двери стояла старуха со множеством морщин, особенно вокруг рта: там были видны только складки и сборки, губы как будто втянулись внутрь, рот выглядел так, будто зарос — и казалось, что она не сможет заговорить. И всё же — заговорила.
— Ну, что, милые, домик мой пришли поглядеть? — и морщины на её лице сложились так, что создавалось впечатление лучеобразной улыбки.
— Да, бабушка, опять захотелось, — сказала ей I.
— Морщинки на лице сложились так, что создавалось впечатление лучеобразной улыбки:
— Солнце-то, а? Ну, что, что? Знаю-ю, знаю! Ну, ладно: одни идите, я уж лучше тут, на солнце...
Гм... Вероятно, моя спутница — тут частый гость. Мне хочется избавиться от какого-то неприятного ощущения — вероятно, всё из-за того же облака на гладком синем небе.
Когда мы поднимались по широкой, тёмной лестнице, I сказала:
— Люблю я её — старуху эту.
— За что?
— А не знаю. Может быть — за её рот. А может быть — без какой-либо причины. Просто так.
Я пожал плечами. Она продолжала — возможно, слегка улыбаясь, а может быть, и вовсе не улыбаясь:
— Я чувствую себя очень виноватой. Ясно, что любовь должна иметь причину, а не быть без неё. Все стихии должны быть...",,"Через 5 минут мы были уже на аэродроме. Синее майское небо и неяркое солнце; за нами летел золотистый аэростат и издавал жужжащий звук, не приближаясь и не удаляясь. Но впереди виднелось белое облако, круглое и плотное, похожее на щеки старинного изображения купидона, и это мешало. Переднее окно было открыто, дул ветер, губы сохли, поэтому их все время облизывали и постоянно думали о губах. Уже издали были видны мутно-зеленые пятна там, за Стеной. Затем возникло легкое непроизвольное ощущение тревоги: мы быстро снижались — вниз, вниз, вниз, как при резком спуске, — и оказались у Древнего Дома. Это необычное, непрочное сооружение со всех сторон было закрыто стеклянным покрытием; иначе оно, конечно, давно бы уже разрушилось. У стеклянной двери стояла старуха, вся в морщинах, особенно вокруг рта: были видны только складки, губы втянулись внутрь, рот почти закрылся, и казалось крайне маловероятным, что она сможет заговорить. И все же она заговорила:
— Ну что, дорогие, пришли посмотреть на мой дом?
Ее морщины изменили форму и расположились радиально, из-за чего казалось, что они стали заметнее.
— Да, бабушка, снова захотелось, — сказала ей I.
Морщины на лице оставались в таком положении:
— Солнце-то какое, а? Ну что, что? Ах ты шалунья, ах ты шалунья! Знаю, знаю! Ну ладно: вы идите одни, а я лучше останусь тут, на солнце...
Вероятно, моя спутница бывает здесь часто. Мне хочется смахнуть с себя что-то, потому что это мешает: вероятно, мне не дает покоя тот же зрительный образ — облако на ровном синем небе. Когда мы поднимались по широкой темной лестнице, I сказала:
— Я ее люблю, эту старуху.
— За что?
— Не знаю. Может быть, из-за ее рта. А может быть, ни за что. Без причины.
Я поднял плечи. Она продолжала, слегка улыбаясь или, возможно, без улыбки:
— Я чувствую себя очень виноватой. Понятно, что должна быть не «любовь без причины», а «любовь по причине». Все силы природы должны быть...","Через пять минут мы были уже на аэро. Гладкий синий цвет неба — и солнце — на своем золотом аэро медленно движется за нами, не обгоняя и не отставая. Но там, впереди, белеет мутное облако, нелепое, пухлое — как щеки старинного изображения купидона — и это как-то мешает. Переднее окно поднято, ветер сушит губы — вынужден постоянно их облизывать и постоянно думать о губах. Вот уже видны издали размытые зеленые пятна — там, за Стеной. Затем легкое, непроизвольное ощущение тревоги в груди — вниз, вниз, вниз — как при спуске с высокой горы — и мы у Древнего Дома. Все это странное, хрупкое, лишенное зрения сооружение покрыто стеклянным слоем: иначе оно, конечно, давно бы уже рухнуло. У стеклянной двери — старуха, вся сморщенная — и особенно рот: только складки, морщины, губы уже втянулись внутрь, рот покрыт морщинами — и было совсем невероятно, чтобы она заговорила. И все же — заговорила. — Ну, что, милые, домик мой пришли посмотреть? — и морщины стали более заметными (т. е., вероятно, расположились в виде лучей, что и создало впечатление «сияния»). — Да, бабушка, опять захотелось, — сказала ей I. Морщинки выделились: — Погода сегодня, а? Ну, что, что? Ах, шалунья, ах, шалунья! Знаю-ю, знаю! Ну, ладно: идите одни, я уж лучше тут, на солнце... Гм... Вероятно, моя спутница — здесь часто бывает. Мне хочется избавиться от чего-то — мешает: вероятно, все тот же навязчивый зрительный образ: облако на гладкой синей поверхности. Когда поднимались по широкой, темной лестнице, I сказала: — Люблю я ее — старуху эту. — За что? — А не знаю. Может быть — за ее рот. А может быть — ни за что. Просто так. Я пожал плечами. Она продолжала — слегка улыбаясь, а может быть, даже совсем не улыбаясь: — Я испытываю чувство вины. Ясно, что должна быть любовь не без причины, а обоснованная. Все элементы должны быть...",,Е. И. Замятин. Мы. Текст произведения. Запись 6-ая.
"И. А. Бунин, Чистый понедельник",1944,Художественный,"Мы оба были богаты, здоровы, молоды и настолько хороши собой, что в ресторанах, на концертах нас провожали взглядами. Я, будучи родом из Пензенской губернии, был в ту пору красив почему-то южной, горячей красотой, был даже «неприлично красив», как сказал мне однажды один знаменитый актер, чудовищно толстый человек, великий обжора и умница. «Черт вас знает, кто вы, сицилианец какой-то», — сказал он сонно; и характер был у меня южный, живой, постоянно готовый к счастливой улыбке, к доброй шутке. А у нее красота была какая-то индийская, персидская: смугло-янтарное лицо, великолепные и несколько зловещие в своей густой черноте волосы, мягко блестящие, как черный соболий мех, брови, черные, как бархатный уголь, глаза; пленительный бархатисто-пунцовыми губами рот оттенен был темным пушком; выезжая, она чаще всего надевала гранатовое бархатное платье и такие же туфли с золотыми застежками (а на курсы ходила скромной курсисткой, завтракала за тридцать копеек в вегетарианской столовой на Арбате); и насколько я был склонен к болтливости, к простосердечной веселости, настолько она была чаще всего молчалива: все что-то думала, все как будто во что-то мысленно вникала; лежа на диване с книгой в руках, часто опускала ее и вопросительно глядела перед собой: я это видел, заезжая иногда к ней и днем, потому что каждый месяц она дня три-четыре совсем не выходила и не выезжала из дому, лежала и читала, заставляя и меня сесть в кресло возле дивана и молча читать.","Мы оба были богаты, здоровы, молоды и привлекательны, поэтому в ресторанах и на концертах люди обращали на нас внимание. Я, родом из Пензенской губернии, в ту пору обладал привлекательной внешностью с южными чертами, и один знаменитый актёр назвал меня «неприлично красивым». Актёр был очень толстым, любил поесть и был умным человеком. Он сказал: «Черт вас знает, кто вы, сицилианец какой-то». У меня был живой характер, я часто улыбался и шутил. У неё была красота с восточными чертами: смуглое лицо янтарного оттенка, густые и чёрные волосы, вызывающие несколько зловещее впечатление, брови, блестящие как чёрный соболий мех, чёрные глаза, по цвету похожие на уголь; рот с бархатисто-пунцовыми губами был оттенён тёмным пушком. Она часто носила гранатовое бархатное платье и туфли с золотыми застёжками, а на курсы ходила как скромная курсистка и завтракала за тридцать копеек в вегетарианской столовой на Арбате. Я был склонен к болтливости и весёлости, а она чаще всего молчала, о чём-то думала и как будто размышляла о чём-то важном. Когда она лежала на диване с книгой, то часто опускала её и смотрела перед собой. Я видел это, когда заходил к ней днём, потому что каждый месяц она несколько дней не выходила из дома, лежала и читала, и просила меня сесть в кресло рядом и тоже читать.","Мы оба были богаты, здоровы, молоды и привлекательны, поэтому в ресторанах и на концертах люди обращали на нас внимание. Я, родом из Пензенской губернии, в ту пору обладал привлекательной внешностью с южными чертами, и один знаменитый актёр назвал меня «неприлично красивым». Актёр был очень толстым, любил поесть и был умным человеком. Он сказал: «Черт вас знает, кто вы, сицилианец какой-то». У меня был живой характер, я часто улыбался и шутил. У неё была красота с восточными чертами: смуглое лицо янтарного оттенка, густые и немного зловещие чёрные волосы, брови, блестящие как чёрный соболий мех, чёрные как уголь глаза; рот с бархатисто-пунцовыми губами был оттенён тёмным пушком. Она часто носила гранатовое бархатное платье и туфли с золотыми застёжками, а на курсы ходила как скромная курсистка и завтракала за тридцать копеек в вегетарианской столовой на Арбате. Я был склонен к болтливости и весёлости, а она чаще всего молчала, о чём-то думала и как будто размышляла о чём-то важном. Когда она лежала на диване с книгой, то часто опускала её и смотрела перед собой. Я видел это, когда заходил к ней днём, потому что каждый месяц она несколько дней не выходила из дома, лежала и читала, и просила меня сесть в кресло рядом и тоже читать.","Мы оба были богаты, здоровы, молоды и настолько красивы, что в ресторанах, на концертах на нас обращали внимание. Я, родом из Пензенской губернии, в ту пору был красив необычной, горячей красотой, был даже «неприлично красив», как однажды сказал мне один знаменитый актер, чудовищно толстый человек, великий любитель еды и умница. «Черт вас знает, кто вы, сицилианец какой-то», — сказал он сонно; и характер у меня был южный, живой, постоянно готовый к счастливой улыбке, к доброй шутке. А у неё красота была какая-то индийская, персидская: смугло-янтарное лицо, великолепные и несколько зловещие в своей густой черноте волосы, мягко блестящие, как черный соболий мех, брови, черные, как бархатный уголь, глаза; пленительный бархатисто-пунцовыми губами рот оттенен был темным пушком; выходя из дома, она чаще всего надевала гранатовое бархатное платье и такие же туфли с золотыми застежками (а на курсы ходила скромной курсисткой, завтракала за тридцать копеек в вегетарианской столовой на Арбате); и насколько я был склонен к болтливости, к простосердечной веселости, настолько она была чаще всего молчалива: все что-то думала, все как будто во что-то мысленно вникала; лежа на диване с книгой в руках, часто опускала её и вопросительно смотрела перед собой: я это видел, заезжая иногда к ней и днем, потому что каждый месяц она дня три-четыре совсем не выходила и не выезжала из дома, лежала и читала, заставляя и меня сесть в кресло возле дивана и молча читать.",,,,,,,,,И. А. Бунин. Чистый понедельник. Текст произведения
"Народные русские сказки (Афанасьев)/Сказка об Иване-царевиче, жар-птице и о сером волке",1985,Сказка,"В некотором было царстве, в некотором государстве был-жил царь, по имени Выслав Андронович. У него было три сына-царевича: первый — Димитрий-царевич, другой — Василий-царевич, а третий — Иван-царевич. У того царя Выслава Андроновича был сад такой богатый, что ни в котором государстве лучше того не было; в том саду росли разные дорогие деревья с плодами и без плодов, и была у царя одна яблоня любимая, и на той яблоне росли яблочки все золотые. Повадилась к царю Выславу в сад летать жар-птица; на ней перья золотые, а глаза восточному хрусталю подобны. Летала она в тот сад каждую ночь и садилась на любимую Выслава-царя яблоню, срывала с неё золотые яблочки и опять улетала. Царь Выслав Андронович весьма крушился о той яблоне, что жар-птица много яблок с неё сорвала; почему призвал к себе трёх своих сыновей и сказал им:
— Дети мои любезные! Кто из вас может поймать в моём саду жар-птицу? Кто изловит её живую, тому ещё при жизни моей отдам половину царства, а по смерти и всё.
Тогда дети его царевичи возопили единогласно:
— Милостивый государь-батюшка, ваше царское величество! Мы с великою радостью будем стараться поймать жар-птицу живую.
‎На первую ночь пошёл караулить в сад Димитрий-царевич и, усевшись под ту яблонь, с которой жар-птица яблочки срывала, заснул и не слыхал, как та жар-птица прилетала и яблок весьма много ощипала. Поутру царь Выслав Андронович призвал к себе своего сына Димитрия-царевича и спросил:
— Что, сын мой любезный, видел ли ты жар-птицу или нет?
Он родителю своему отвечал:
— Нет, милостивый государь-батюшка! Она эту ночь не прилетала.","В некотором царстве, в некотором государстве жил царь по имени Выслав Андронович. У него было три сына: первый — Димитрий, второй — Василий, третий — Иван. У царя Выслава Андроновича был сад, богатый различными деревьями с плодами и без плодов, а также одна любимая яблоня, на которой росли золотые яблоки. В сад к царю Выславу каждую ночь прилетала жар-птица, на которой были золотые перья и глаза, похожие на восточный хрусталь. Жар-птица садилась на любимую яблоню, срывала с неё золотые яблоки и улетала. Царь Выслав Андронович сильно огорчался из-за того, что жар-птица сорвала много яблок с его яблони, поэтому он призвал к себе своих трёх сыновей и сказал им:
— Дети мои! Кто из вас сможет поймать в моём саду жар-птицу? Кто поймает её живой, тому ещё при моей жизни отдам половину царства, а после моей смерти — всё царство.
Тогда его сыновья единогласно ответили:
— Милостивый государь-батюшка, ваше царское величество! Мы с большой радостью постараемся поймать жар-птицу живой.
В первую ночь в сад пошёл караулить Димитрий. Он сел под яблоню, с которой жар-птица срывала яблоки, и заснул, не услышав, как жар-птица прилетела и ощипала много яблок. Утром царь Выслав Андронович призвал к себе своего сына Димитрия и спросил:
— Что, сын мой, видел ли ты жар-птицу или нет?
Он ответил своему отцу:
— Нет, милостивый государь-батюшка! В эту ночь она не прилетала.

","В некотором царстве, в некотором государстве жил царь по имени Выслав Андронович. У него было три сына: Димитрий-царевич, Василий-царевич и Иван-царевич. У царя Выслава Андроновича был сад с разными деревьями, на которых росли плоды. В саду была любимая яблоня царя, на которой росли золотые яблоки. В сад каждую ночь прилетала жар-птица с золотыми перьями и глазами, похожими на восточный хрусталь, садилась на яблоню, срывала золотые яблоки и улетала. Царь Выслав Андронович был огорчён тем, что жар-птица срывает много яблок с яблони, поэтому он позвал своих сыновей и сказал: «Кто из вас сможет поймать жар-птицу в моём саду? Тот, кто поймает её живой, получит половину моего царства при моей жизни, а после моей смерти — всё царство». Сыновья ответили, что с радостью постараются поймать жар-птицу. В первую ночь Димитрий-царевич пошёл караулить сад, сел под яблоню, с которой жар-птица срывала яблоки, и заснул. Он не услышал, как жар-птица прилетела и сорвала много яблок. Утром царь спросил Димитрия-царевича, видел ли он жар-птицу, и тот ответил, что жар-птица в эту ночь не прилетала.","В некотором царстве, в некотором государстве жил царь по имени Выслав Андронович. У него было три сына: первый — Димитрий, второй — Василий, третий — Иван. У царя Выслава Андроновича был сад, богатый различными деревьями с плодами и без плодов, а также одна любимая яблоня, на которой росли золотые яблоки. В сад к царю Выславу каждую ночь прилетала жар-птица, на которой были золотые перья и глаза, похожие на восточный хрусталь. Жар-птица садилась на любимую яблоню, срывала с неё золотые яблоки и улетала. Царь Выслав Андронович сильно огорчался из-за того, что жар-птица сорвала много яблок с его яблони, поэтому он призвал к себе своих трёх сыновей и сказал им:
— Дети мои! Кто из вас сможет поймать в моём саду жар-птицу? Кто поймает её живой, тому ещё при моей жизни отдам половину царства, а после моей смерти — всё царство.
Тогда его сыновья единогласно ответили:
— Милостивый государь-батюшка, ваше царское величество! Мы с большой радостью постараемся поймать жар-птицу живой.
В первую ночь в сад пошёл караулить Димитрий. Он сел под яблоню, с которой жар-птица срывала яблоки, и заснул, не услышав, как жар-птица прилетела и ощипала много яблок. Утром царь Выслав Андронович призвал к себе своего сына Димитрия и спросил:
— Что, сын мой, видел ли ты жар-птицу или нет?
Он ответил своему отцу:
— Нет, милостивый государь-батюшка! В эту ночь она не прилетала.

",,,"В одном царстве, в одном государстве жил царь по имени Выслав Андронович. У него было три сына-царевича: первый — Димитрий-царевич, второй — Василий-царевич, а третий — Иван-царевич. У царя Выслава Андроновича был сад, который был очень богат; в этом саду росли различные ценные деревья, плодовые и неплодовые, и была у царя одна любимая яблоня, на которой росли яблоки, все золотые. Привыкла к царскому саду прилетать жар-птица; её перья были золотые, а глаза напоминали восточный хрусталь. Она прилетала в сад каждую ночь, садилась на любимую яблоню царя Выслава, срывала с неё золотые яблоки и снова улетала. Царь Выслав Андронович очень огорчался из-за этой яблони, так как жар-птица сорвала с неё много яблок; поэтому он позвал к себе трёх своих сыновей и сказал им:
— Дорогие мои дети! Кто из вас сможет поймать в моём саду жар-птицу? Кто поймает её живой, тому я ещё при жизни отдам половину царства, а после смерти — всё.
Тогда его сыновья-царевичи в один голос сказали:
— Милостивый государь-батюшка, ваше царское величество! Мы с большой радостью будем стараться поймать жар-птицу живой.
В первую ночь в сад на дежурство отправился Димитрий-царевич и, сев под ту яблоню, с которой жар-птица срывала яблоки, уснул и не услышал, как жар-птица прилетела и сорвала много яблок. Утром царь Выслав Андронович позвал к себе своего сына Димитрия-царевича и спросил:
— Что, дорогой мой сын, видел ли ты жар-птицу или нет?
Он ответил своему отцу:
— Нет, милостивый государь-батюшка! В эту ночь она не прилетала.",,"В одном государстве жил правитель по имени Выслав Андронович. У него было три сына: первый — Димитрий, второй — Василий, а третий — Иван. У правителя Выслава Андроновича был сад, который считался самым богатым среди всех садов в других странах. В этом саду росли разные деревья — такие, что приносили плоды, и такие, что не приносили. Особенно он любил одну яблоню, на которой выросли яблоки, покрытые золотом.

В сад регулярно прилетала необычная птица, у которой были золотые перья и глаза, похожие на прозрачные камни восточного происхождения. Она прилетала в сад каждую ночь, садилась на любимую яблоню Выслава Андроновича, срывала с неё золотые яблоки и затем улетала. Выслав Андронович очень огорчался из-за того, что птица уносила яблоки, поэтому он позвал своих трёх сыновей и сказал им:
— Мои дети! Кто из вас сможет поймать в моём саду эту птицу? Кто поймает её живой, тому я при жизни отдам половину своего государства, а после смерти — всё.

Тогда его сыновья ответили вместе:
— Государь, мы с удовольствием попробуем поймать эту птицу живой.

В первую ночь пошёл сторожить сад Димитрий. Он сел под той яблоней, с которой птица обычно срывала яблоки, и заснул. Когда птица прилетела ночью и сняла много яблок, он этого не услышал. Утром Выслав Андронович позвал своего сына Димитрия и спросил:
— Сын, видел ли ты ту птицу или нет?

Димитрий ответил:
— Нет, государь, она этой ночью не прилетала.","В одном царстве, в одном государстве жил царь по имени Выслав Андронович. У него было три сына: старший — Димитрий, средний — Василий, младший — Иван. У царя Выслава Андроновича был очень ухоженный и богатый сад, лучше которого не существовало ни в одном другом государстве. В саду росли разные ценные деревья, некоторые приносили плоды, а другие — нет. Среди всех деревьев у царя была одна особенно любимая яблоня, на которой росли яблоки из золота. В сад царя Выслава стала прилетать птица, называемая жар-птицей. У неё были перья золотого цвета, а глаза блестели, как прозрачный восточный камень. Она прилетала в тот сад каждую ночь, садилась на любимую царем яблоню, отрывала от неё золотые яблоки и потом улетала. Царь Выслав Андронович очень расстраивался из-за того, что эта птица сняла с яблони много яблок. Поэтому он позвал к себе трёх своих сыновей и сказал им:
— Мои дети! Кто из вас сможет поймать жар-птицу в моём саду? Тот, кто поймает её живой, получит от меня половину моего царства при моей жизни, а после моей смерти всё царство целиком.
Тогда его сыновья ответили все вместе:
— Государь-отец, мы с охотой постараемся поймать жар-птицу живой.
В первую ночь сторожить сад пошёл Димитрий. Он сел под яблоней, с которой жар-птица срывала яблоки, заснул и не услышал, когда она прилетела и сняла много яблок. Утром царь Выслав Андронович позвал к себе своего сына Димитрия и спросил:
— Сын мой, видел ли ты жар-птицу?
Он ответил своему отцу:
— Нет, государь-отец, она этой ночью не прилетала.",,,"Народные русские сказки (Афанасьев)/Сказка об Иване-царевиче, жар-птице и о сером волке — Викитека"
Народные русские сказки (Афанасьев)/Волшебное кольцо,1985,Сказка,"Живет долго ли, коротко ли — вышел на крылечко и перекинул это колечко с руки на́ руку, выскочило из колечка триста молодцев и сто семьдесят богатырев и спрашивают у него: «Что заставишь нас работать?» — «Вот что заставлю: первое — сшибите мою старую избу и поставьте на этом же месте каменный дом, и чтобы матушка моя про то не знала». Они сработали в одну ночь; мать его встает и удивляется: «Чей это дом такой?» Сын ей говорит: «Матушка моя родимая! Не удивляйся, а молись богу; дом этот наш». Вот живут они долго ли, коротко ли в этом доме — вышли ему совершенные годы, и захотелось ему жениться.

В этаком царстве, в этаком государстве, у такого-то царя была царевна, и ему хочется на ней посвататься: «Сватай-ка за меня, моя родная матушка! В этаком-то царстве, у такого-то царя есть дочь хороша». Мать ему и говорит: «Дитя ты мое милое! Где нам брать царевну!» А он ей в ответ: «Мать ты моя, родительница! Молись-ка спасу, выпей квасу да ложись спать; утро вечера мудренее». Сам он, добрый мо́лодец, вышел на крылечко, перекинул с руки на́ руку колечко — выскочило триста молодцев и сто семьдесят богатырев и спрашивают у него: «Что прикажешь делать?» — «Сыщите мне таких дорогих вещей, которых бы у царя не было, и принесите на золотых подносах: надо царя с царевною одарить!» Тотчас принесли ему этакие вещи; он и посылает свою мать свататься к царю.

Вот мать пришла к царю, а царь удивляется: «Где ты, старушка, этакие вещи взяла?» Выходит царевна, глядит на эти вещи и говорит: «Ну, старушка, скажи своему сыну: пусть он поставит об одну ночь в царском заповедном лугу новый дворец лучше дворца моего батюшки, и чтобы провел он от дворца до дворца мост хрустальный, и был бы тот хрустальный мост устлан разными шитыми коврами; в то время пойду за твоего сына замуж. А ежели да не совершит этого, то не будет ему прощения, и сложит он свою буйну голову на плаху!» Идет старуха домой, слезно плачет и говорит сыну: «Милое мое дитятко! Говорила я тебе, что не надобно на царевне свататься. Вот теперь царевна приказывает тебе сказать, что ежели хочешь на ней жениться, то построй об одну ночь новый дворец в заповедном лугу, и чтобы лучше был батюшкиного, и чтоб от дворца до дворца проведен был хрустальный мост, и был бы тот хрустальный мост устлан разными шитыми коврами; а ежели этого не сделаешь, то сложишь свою буйну голову на плаху! Как теперь, дитятко, ты это дело рассудишь?» Отвечает он: «Мать ты моя, родительница! Не сумневайся, молись спасу, выпей квасу да ложись спать; утро вечера мудренее».Живет долго ли, коротко ли — вышел на крылечко и перекинул это колечко с руки на́ руку, выскочило из колечка триста молодцев и сто семьдесят богатырев и спрашивают у него: «Что заставишь нас работать?» — «Вот что заставлю: первое — сшибите мою старую избу и поставьте на этом же месте каменный дом, и чтобы матушка моя про то не знала». Они сработали в одну ночь; мать его встает и удивляется: «Чей это дом такой?» Сын ей говорит: «Матушка моя родимая! Не удивляйся, а молись богу; дом этот наш». Вот живут они долго ли, коротко ли в этом доме — вышли ему совершенные годы, и захотелось ему жениться.
В этаком царстве, в этаком государстве, у такого-то царя была царевна, и ему хочется на ней посвататься: «Сватай-ка за меня, моя родная матушка! В этаком-то царстве, у такого-то царя есть дочь хороша». Мать ему и говорит: «Дитя ты мое милое! Где нам брать царевну!» А он ей в ответ: «Мать ты моя, родительница! Молись-ка спасу, выпей квасу да ложись спать; утро вечера мудренее». Сам он, добрый мо́лодец, вышел на крылечко, перекинул с руки на́ руку колечко — выскочило триста молодцев и сто семьдесят богатырев и спрашивают у него: «Что прикажешь делать?» — «Сыщите мне таких дорогих вещей, которых бы у царя не было, и принесите на золотых подносах: надо царя с царевною одарить!» Тотчас принесли ему этакие вещи; он и посылает свою мать свататься к царю.
Вот мать пришла к царю, а царь удивляется: «Где ты, старушка, этакие вещи взяла?» Выходит царевна, глядит на эти вещи и говорит: «Ну, старушка, скажи своему сыну: пусть он поставит об одну ночь в царском заповедном лугу новый дворец лучше дворца моего батюшки, и чтобы провел он от дворца до дворца мост хрустальный, и был бы тот хрустальный мост устлан разными шитыми коврами; в то время пойду за твоего сына замуж. А ежели да не совершит этого, то не будет ему прощения, и сложит он свою буйну голову на плаху!» Идет старуха домой, слезно плачет.","Жил он долго или недолго — вышел на крыльцо и перекинул кольцо с одной руки на другую, из кольца выскочили триста молодцев и сто семьдесят богатырей и спрашивают у него: «Что прикажешь делать?» — «Вот что сделаете: сначала разрушьте мой старый дом и на этом же месте постройте каменный дом, чтобы моя мать об этом не знала». Они выполнили это за одну ночь; мать его встала и удивилась: «Чей это дом такой?» Сын ей сказал: «Матушка моя родная! Не удивляйся, а молись богу; этот дом наш». Вот живут они долго или недолго в этом доме — ему исполнилось совершеннолетие, и захотелось ему жениться.
В одном царстве, в одном государстве, у одного царя была дочь, и ему хочется на ней жениться: «Сватай-ка за меня, моя родная матушка! В таком-то царстве, у такого-то царя есть дочь, хорошая». Мать ему сказала: «Дитя ты моё милое! Где нам взять царевну!» А он ей ответил: «Мать моя, родительница! Молись богу, выпей квасу да ложись спать; утро вечера мудренее». Сам он, добрый молодец, вышел на крыльцо, перекинул кольцо с одной руки на другую — выскочили триста молодцев и сто семьдесят богатырей и спрашивают у него: «Что прикажешь делать?» — «Найдите мне такие дорогие вещи, которых бы у царя не было, и принесите на золотых подносах: надо царя с царевной одарить!» Немедленно принесли ему такие вещи; он посылает свою мать свататься к царю.
Вот мать пришла к царю, а царь удивляется: «Где ты, старушка, такие вещи взяла?» Выходит царевна, смотрит на эти вещи и говорит: «Ну, старушка, скажи своему сыну: пусть он за одну ночь построит в царском заповедном лугу новый дворец, который будет лучше дворца моего отца, и чтобы провёл он от дворца до дворца мост из хрусталя, и чтобы этот хрустальный мост был покрыт различными коврами; тогда я пойду замуж за твоего сына. А если он этого не сделает, то ему не будет прощения, и он потеряет свою голову». Идёт старуха домой, горько плачет.""","Человек прожил какое-то время и вышел на крыльцо, переложил кольцо с одной руки на другую, и из кольца появились триста воинов и сто семьдесят богатырей. Они спросили, что им нужно сделать. Он ответил, что они должны разрушить его старую избу и построить на её месте каменный дом так, чтобы его мать об этом не узнала. Они выполнили работу за одну ночь. Когда мать увидела новый дом, она удивилась. Сын сказал ей, что не нужно удивляться, а следует молиться, потому что дом теперь их. Спустя какое-то время сын достиг совершеннолетия и захотел жениться. В одном царстве у царя была царевна, и он захотел на ней жениться. Он попросил свою мать посвататься к царю. Мать сказала, что им не удастся получить царевну, но сын ответил, чтобы она помолилась, выпила квас и легла спать, а утром они увидят, что делать. Сам он вышел на крыльцо, переложил кольцо с одной руки на другую, и снова появились воины и богатыри. Он попросил их найти дорогие вещи, которых не было у царя, и принести их на золотых подносах, чтобы одарить царя и царевну. Воины сразу принесли такие вещи, и сын послал мать свататься к царю. Когда мать пришла к царю, он удивился, откуда у неё такие вещи. Царевна посмотрела на вещи и сказала, что сын матери должен за одну ночь построить во дворце новый дворец, лучше дворца её отца, и проложить между дворцами хрустальный мост, покрытый вышивными коврами. Если он это сделает, она выйдет за него замуж, а если нет — его казнят. Старуха вернулась домой и заплакала.","Жил он долго или недолго — вышел на крыльцо и перекинул кольцо с одной руки на другую, из кольца выскочили триста молодцев и сто семьдесят богатырей и спрашивают у него: «Что прикажешь делать?» — «Вот что сделаете: сначала разрушьте мой старый дом и на этом же месте постройте каменный дом, чтобы моя мать об этом не знала». Они выполнили это за одну ночь; мать его встала и удивилась: «Чей это дом такой?» Сын ей сказал: «Матушка моя родная! Не удивляйся, а молись богу; этот дом наш». Вот живут они долго или недолго в этом доме — ему исполнилось совершеннолетие, и захотелось ему жениться.
В одном царстве, в одном государстве, у одного царя была дочь, и ему хочется на ней жениться: «Сватай-ка за меня, моя родная матушка! В таком-то царстве, у такого-то царя есть дочь, хорошая». Мать ему сказала: «Дитя ты моё милое! Где нам взять царевну!» А он ей ответил: «Мать моя, родительница! Молись богу, выпей квасу да ложись спать; утро вечера мудренее». Сам он, добрый молодец, вышел на крыльцо, перекинул кольцо с одной руки на другую — выскочили триста молодцев и сто семьдесят богатырей и спрашивают у него: «Что прикажешь делать?» — «Найдите мне такие дорогие вещи, которых бы у царя не было, и принесите на золотых подносах: надо царя с царевной одарить!» Немедленно принесли ему такие вещи; он посылает свою мать свататься к царю.
Вот мать пришла к царю, а царь удивляется: «Где ты, старушка, такие вещи взяла?» Выходит царевна, смотрит на эти вещи и говорит: «Ну, старушка, скажи своему сыну: пусть он за одну ночь построит в царском заповедном лугу новый дворец, который будет лучше дворца моего отца, и чтобы провёл он от дворца до дворца мост из хрусталя, и чтобы этот хрустальный мост был покрыт различными коврами; тогда я пойду замуж за твоего сына. А если он этого не сделает, то ему не будет прощения, и он потеряет свою голову». Идёт старуха домой, горько плачет.""",,,,,,,,,
"О. С. Габриелян, И. Г. Остроумов, С. А. Сладков, Химия, 8 класс",2023,Учебно-научный,"Твёрдое состояние. Твёрдые тела сохраняют свои форму и объём. Это объясняется тем, что частицы, образующие твёрдое тело, сохраняют своё взаимное
положение относительно друг друга и перестают свободно перемещаться, а могут совершать лишь небольшие колебания.
При обычных условиях твёрдыми веществами являются поваренная соль, железо, сахар, сера и др.
При нагревании частицы твёрдого вещества колеблются всё сильнее, и при определённой температуре - температуре плавления - наблюдается переход
вещества из твёрдого агрегатного состояния в жидкое - плавление.
Некоторые вещества способны переходить из твёрдого агрегатного состояния сразу в газообразное, минуя жидкое. Этот процесс называют сублимацией или
возгонкой. Возгонка характерна, например, для иода, который при обычных условиях не имеет жидкого агрегатного состояния (медицинский иод - это
спиртовой раствор). Поддаётся возгонке вода, поэтому бельё после стирки можно высушить на морозе.
Обратное явление - превращение газообразного вещества в твёрдое — носит название десублимация. Примером десублимации можно считать образование инея: водяной пар, содержащийся в атмосфере, превращается в кристаллики льда, которые оседают на холодных ветвях деревьев и проводах.","Твёрдое состояние. Твёрдые тела сохраняют свои форму и объём. Это объясняется тем, что частицы, образующие твёрдое тело, сохраняют своё взаимное
положение относительно друг друга и перестают свободно перемещаться, а могут совершать лишь небольшие колебания.
При обычных условиях твёрдыми веществами являются поваренная соль, железо, сахар, сера и др.
При нагревании частицы твёрдого вещества колеблются всё сильнее, и при определённой температуре - температуре плавления - наблюдается переход
вещества из твёрдого агрегатного состояния в жидкое - плавление.
Некоторые вещества способны переходить из твёрдого агрегатного состояния сразу в газообразное, минуя жидкое. Этот процесс называют сублимацией или
возгонкой. Возгонка характерна, например, для иода, который при обычных условиях не имеет жидкого агрегатного состояния (медицинский иод - это
спиртовой раствор). Поддаётся возгонке вода, поэтому бельё после стирки можно высушить на морозе.
Обратное явление - превращение газообразного вещества в твёрдое — носит название десублимация. Примером десублимации можно считать образование инея: водяной пар, содержащийся в атмосфере, превращается в кристаллики льда, которые оседают на холодных ветвях деревьев и проводах.","Твёрдое состояние. Твёрдые тела сохраняют свои форму и объём, потому что частицы, из которых они состоят, сохраняют своё взаимное положение и не могут свободно перемещаться, а только немного колебаться. При обычных условиях твёрдыми веществами являются поваренная соль, железо, сахар, сера и другие. При нагревании частицы твёрдого вещества колеблются сильнее, и при определённой температуре (температуре плавления) твёрдое вещество превращается в жидкое. Некоторые вещества могут переходить из твёрдого состояния сразу в газообразное, минуя жидкое. Этот процесс называется сублимацией или возгонкой. Например, иод при обычных условиях не имеет жидкого состояния (медицинский иод — это спиртовой раствор), и он поддаётся возгонке. Вода тоже может возгоняться, поэтому бельё после стирки можно высушить на морозе. Обратный процесс — превращение газообразного вещества в твёрдое — называется десублимацией. Пример десублимации — образование инея: водяной пар в атмосфере превращается в кристаллики льда, которые оседают на холодных ветвях деревьев и проводах.",,"Твёрдое состояние. Твёрдые тела сохраняют свою форму и объём. Это происходит потому, что частицы, образующие твёрдое тело, удерживают своё относительное положение и не могут свободно перемещаться, совершая лишь небольшие колебания.
При обычных условиях твёрдыми веществами являются поваренная соль, железо, сахар, сера и другие.
При нагревании частицы твёрдого вещества начинают колебаться интенсивнее, и при достижении определённой температуры, называемой температурой плавления, происходит переход вещества из твёрдого состояния в жидкое — это называется плавлением.
Некоторые вещества могут переходить из твёрдого состояния непосредственно в газообразное, минуя жидкое состояние. Этот процесс называется сублимацией или возгонкой. Например, возгонка характерна для иода, который при обычных условиях не существует в жидком состоянии (медицинский иод представляет собой раствор в спирте). Вода также способна к возгонке, поэтому мокрое бельё можно высушить на морозе.
Обратный процесс — переход газообразного вещества в твёрдое — называется десублимацией. Примером десублимации является образование инея: водяной пар, присутствующий в атмосфере, превращается в кристаллы льда, оседающие на холодных поверхностях ветвей деревьев и проводов.",,,,"Твёрдое состояние вещества характеризуется тем, что тела имеют постоянные форму и объём. Это происходит потому, что частицы, составляющие твёрдое тело, сохраняют устойчивое расположение по отношению друг к другу и не могут перемещаться свободно; они способны только совершать незначительные колебательные движения.
При нормальной температуре и давлении к твёрдым веществам относятся, например, поваренная соль, железо, сахар, сера и другие вещества.
При нагревании возрастает интенсивность колебаний частиц, и при достижении определённой температуры — температуры плавления — вещество переходит из твёрдого состояния в жидкое состояние.
Некоторые вещества могут переходить из твёрдого состояния сразу в газообразное, не проходя через жидкое состояние. Этот процесс называется сублимацией (или возгонкой). Сублимация наблюдается, например, у иода, который при обычных условиях не имеет жидкой фазы (в медицинской практике используется раствор иода в спирте). К сублимации способна также вода, что позволяет высушивать выстиранные ткани при отрицательной температуре воздуха.
Обратный процесс — переход вещества из газообразного состояния в твёрдое — называется десублимацией. Примером десублимации является образование инея: водяной пар, присутствующий в воздухе, превращается в твёрдые кристаллы льда, которые осаждаются на поверхностях, имеющих низкую температуру, например на ветвях деревьев и металлических проводах.",,,,https://sh2-markova-r138.gosweb.gosuslugi.ru/netcat_files/126/601/himija_uchebnik_8_kl_gabrieljan.pdf
" [А. Попов. Моделирование взаимосвязи уровня кредитного риска заемщика с показателем доходности его обязательств (2003) // «Финансы и кредит», 19.05.2003]",2003,Учебно-научный,"При этом характеристики результативного показателя необходимо рассматривать в отражении двух названных выше показателей. Как мы можем видеть из графиков, наступлению критических событий предшествует рост амплитуды колебаний средних величин, что подтверждает гипотезу об ослаблении системы и ее невозможности удерживать равновесие в прежних пределах при наступлении негативных внешних событий. На графиках видны также некоторые события, которые свидетельствовали о слабости систем, однако не были адекватно отражены в сообщениях рейтинговых агентств. Ярким примером здесь может служить изменение динамики колебаний облигаций Аргентины как реакция на события в России в августе 1998 года: на графике виден значительный всплеск колебаний, однако рейтинг задолженности Аргентины не изменился. Эмпирическое отражение реакции системы на внешние события показывает график доходности ценной бумаги, выпущенной конкретным заемщиком. При этом колебания системы можно сравнивать во времени по отношению как к прошлым периодам (например, с помощью волатильности и коэффициента линейной регрессии), так и по отношению к сопоставимой бумаге с иным уровнем риска в виде показателя спрэда, то есть разницы в показателях доходности. При условии постоянства уровня кредитного риска по сопоставимой бумаге увеличение или уменьшение спрэда будет свидетельствовать, соответственно, об увеличении и уменьшении уровня кредитного риска по рассматриваемой бумаге.","При этом характеристики результативного показателя следует рассматривать в связи с двумя вышеупомянутыми показателями. Как видно из графиков, критическим событиям предшествует увеличение амплитуды колебаний средних величин, что подтверждает гипотезу о том, что система ослабевает и не может поддерживать равновесие в прежних пределах при наступлении негативных внешних событий. На графиках также видны некоторые события, которые свидетельствовали о слабости систем, однако не были должным образом отражены в сообщениях рейтинговых агентств. Примером может служить изменение динамики колебаний облигаций Аргентины как реакция на события в России в августе 1998 года: на графике видно значительное увеличение колебаний, однако рейтинг задолженности Аргентины не изменился. Эмпирическое отражение реакции системы на внешние события представлено на графике доходности ценной бумаги, выпущенной конкретным заемщиком. При этом колебания системы можно сравнивать во времени как с прошлыми периодами (например, с помощью волатильности и коэффициента линейной регрессии), так и по отношению к сопоставимой бумаге с другим уровнем риска в виде показателя спрэда, то есть разницы в показателях доходности. При условии постоянства уровня кредитного риска по сопоставимой бумаге увеличение или уменьшение спрэда будет свидетельствовать, соответственно, об увеличении и уменьшении уровня кредитного риска по рассматриваемой бумаге.",,"При этом характеристики результативного показателя следует рассматривать в связи с двумя вышеупомянутыми показателями. Как видно из графиков, критическим событиям предшествует увеличение амплитуды колебаний средних величин, что подтверждает гипотезу о том, что система ослабевает и не может поддерживать равновесие в прежних пределах при наступлении негативных внешних событий. На графиках также видны некоторые события, которые свидетельствовали о слабости систем, однако не были должным образом отражены в сообщениях рейтинговых агентств. Примером может служить изменение динамики колебаний облигаций Аргентины как реакция на события в России в августе 1998 года: на графике видно значительное увеличение колебаний, однако рейтинг задолженности Аргентины не изменился. Эмпирическое отражение реакции системы на внешние события представлено на графике доходности ценной бумаги, выпущенной конкретным заемщиком. При этом колебания системы можно сравнивать во времени как с прошлыми периодами (например, с помощью волатильности и коэффициента линейной регрессии), так и по отношению к сопоставимой бумаге с другим уровнем риска в виде показателя спрэда, то есть разницы в показателях доходности. При условии постоянства уровня кредитного риска по сопоставимой бумаге увеличение или уменьшение спрэда будет свидетельствовать, соответственно, об увеличении и уменьшении уровня кредитного риска по рассматриваемой бумаге.

","При этом характеристики результативного показателя следует анализировать, учитывая два указанных выше показателя. Из графиков видно, что перед наступлением критических событий наблюдается увеличение амплитуды колебаний средних величин, что подтверждает гипотезу о снижении устойчивости системы и ее неспособности поддерживать прежний уровень равновесия при возникновении негативных внешних событий. На графиках также можно наблюдать некоторые события, которые свидетельствовали о недостаточной устойчивости систем, но не были правильно отражены в сообщениях рейтинговых агентств. В качестве примера можно привести изменение динамики колебаний облигаций Аргентины в ответ на события в России в августе 1998 года: график показывает значительный рост колебаний, однако рейтинг задолженности Аргентины остался прежним. Реакция системы на внешние события наглядно демонстрируется графиком доходности конкретной ценной бумаги, выпущенной заемщиком. Колебания системы можно сравнивать во времени как с предыдущими периодами (например, используя показатели волатильности и коэффициента линейной регрессии), так и относительно сопоставимой ценной бумаги с другим уровнем риска, выраженным в виде показателя спрэда, то есть разницы в показателях доходности. Если уровень кредитного риска сопоставимой бумаги остается неизменным, то увеличение или уменьшение спрэда будет указывать соответственно на увеличение или уменьшение уровня кредитного риска рассматриваемой бумаги.",,,,"Характеристики результативного показателя нужно анализировать в сопоставлении с двумя ранее указанными показателями. Согласно графикам, перед наступлением критических событий наблюдается увеличение амплитуды колебаний средних значений. Это подтверждает предположение о снижении устойчивости системы и её неспособности сохранять равновесие в тех же пределах при воздействии неблагоприятных внешних факторов. На графиках также можно увидеть некоторые случаи, которые подтверждают слабую устойчивость систем, однако они не получили соответствующего отражения в отчетах рейтинговых агентств. Примером является изменение характера колебаний облигаций Аргентины в ответ на события, произошедшие в России в августе 1998 года: на графике зафиксировано значительное увеличение колебаний, но кредитный рейтинг Аргентины остался прежним. График доходности конкретной ценной бумаги, выпущенной определённым заемщиком, показывает фактическую реакцию системы на внешние факторы. Колебания можно сравнивать по времени как с предыдущими периодами (например, с использованием показателей волатильности и коэффициента линейной регрессии), так и с другой ценной бумагой, имеющей другой уровень риска, через показатель спрэда, который отражает разницу в их доходностях. Если уровень кредитного риска по сопоставимой бумаге не изменяется, то увеличение или уменьшение спрэда указывает, соответственно, на рост или снижение уровня кредитного риска по анализируемой бумаге.",,,,http://unesco.uniba.sk/guest/run.cgi/view?q=aword%2C%5Blc%3D%22%D0%BD%D0%B0%22+%7C+lemma_lc%3D%22%D0%BD%D0%B0%22%5D%5Blc%3D%22%D0%B3%D1%80%D0%B0%D1%84%D0%B8%D0%BA%D0%B5%22+%7C+lemma_lc%3D%22%D0%B3%D1%80%D0%B0%D1%84%D0%B8%D0%BA%D0%B5%22%5D;fromp=2;corpname=AranRusi_x&refs=%3Ddoc.urldomain&iquery=%D0%BD%D0%B0+%D0%B3%D1%80%D0%B0%D1%84%D0%B8%D0%BA%D0%B5;navpos=next2
"Aranea
Token number        23234459
Document number        34031
doc.did        15.01939160
doc.crawl_date        2015-02-27
doc.url        http://optionsnow.ru/sekrety-torgovli-binarnimi-opcionami/2015-01-12/taktika-binarnykh-optcionov-double-red
doc.wordcount        482
doc.tld        ru
doc.t2ld        optionsnow.ru
doc.urldomain        optionsnow.ru",2015,Технический,"Поскольку тактика бинарных опционов Double Red это медвежья тактика, она предполагает игру на понижение и покупку опционов PUT. Чтобы приобрести опцион PUT, при нисходящем тренде нам необходимо дождаться формирования на графике двух медвежьих свечей подряд, при этом вторая медвежья свеча должна иметь цену закрытия, ниже, чем цена закрытия первой свечи. Если вторая медвежья закрылась даже ниже тени первой медвежий свечи, это наиболее сильный и точный сигнал на дальнейшее снижение цены.      На чем основано такое предположение? Авторы тактики бинарных опционов Double Red основывались на том, что когда цена актива снижается в течение двух свечей подряд, третья свеча может быть бычьей, что демонстрирует временный откат и дает возможность войти в рынок по более выгодной цене.      После временного отката, цена обязательно продолжает снижаться. Более выгодная цена больше важна на рынке Форекс, на рынке бинарных опционов для нас не существует разницы, насколько пунктов изменилась цена, нам важно направление, поэтому приобретать опцион PUT можно, не дожидаясь отката.      Трейдеры, использующие тактику уже длительное время, советуют перед покупкой опциона по тактике Double Red определять визуально линию сопротивления для цены и приобретать опцион PUT, тогда когда цена оттолкнулась от этой линии и сформировала две медвежьи свечи подряд, вторая при этом имеет цену закрытия, ниже первой.      В этом случае вероятность успеха по опциону возрастает.","Тактика бинарных опционов Double Red предполагает торговлю с целью получения прибыли от снижения цены актива и покупку опционов PUT. Для покупки опциона PUT при нисходящем тренде нужно дождаться появления на графике двух свечей, указывающих на снижение цены подряд, причём цена закрытия второй свечи должна быть ниже цены закрытия первой. Если цена закрытия второй свечи ниже, чем самая низкая цена первой свечи, это считается сильным сигналом о дальнейшем снижении цены. Авторы тактики Double Red считают, что если цена актива снижается в течение двух свечей подряд, то следующая свеча может показать временное повышение цены, что даст возможность войти в рынок по более низкой цене. После временного повышения цена продолжит снижаться. На рынке Форекс более низкая цена имеет большее значение, но на рынке бинарных опционов важна только тенденция изменения цены, поэтому можно покупать опцион PUT, не дожидаясь временного отката цены. Трейдеры, которые давно используют эту тактику, рекомендуют перед покупкой опциона определить уровень сопротивления цены и покупать опцион PUT, когда цена опустится ниже этого уровня и сформирует две свечи, указывающие на снижение цены подряд, причём вторая свеча должна иметь более низкую цену закрытия, чем первая. В этом случае вероятность успешной сделки увеличивается.","Тактика бинарных опционов Double Red предполагает торговлю с целью получения прибыли от снижения цены актива и покупку опционов PUT. Для покупки опциона PUT при нисходящем тренде нужно дождаться появления на графике двух свечей, указывающих на снижение цены подряд, причём цена закрытия второй свечи должна быть ниже цены закрытия первой. Если цена закрытия второй свечи ниже, чем самая низкая цена первой свечи, это считается сильным сигналом о дальнейшем снижении цены. Авторы тактики Double Red считают, что если цена актива снижается в течение двух свечей подряд, то следующая свеча может показать временное повышение цены, что даст возможность войти в рынок по более низкой цене. После временного повышения цена продолжит снижаться. На рынке Форекс более низкая цена имеет большее значение, но на рынке бинарных опционов важна только тенденция изменения цены, поэтому можно покупать опцион PUT, не дожидаясь временного отката цены. Трейдеры, которые давно используют эту тактику, рекомендуют перед покупкой опциона определить уровень сопротивления цены и покупать опцион PUT, когда цена опустится ниже этого уровня и сформирует две свечи, указывающие на снижение цены подряд, причём вторая свеча должна иметь более низкую цену закрытия, чем первая. В этом случае вероятность успешной сделки увеличивается.","Поскольку тактика бинарных опционов Double Red предполагает игру на понижение и покупку опционов PUT, при нисходящем тренде необходимо дождаться формирования на графике двух медвежьих свечей подряд, при этом цена закрытия второй свечи должна быть ниже, чем цена закрытия первой свечи. Если цена закрытия второй свечи даже ниже минимума первой свечи, это является наиболее сильным и точным сигналом дальнейшего снижения цены. 
На чём основано такое предположение? Авторы тактики бинарных опционов Double Red исходили из того, что когда цена актива снижается в течение двух свечей подряд, третья свеча может быть бычьей, что указывает на временный откат и предоставляет возможность войти в рынок по более выгодной цене. 
После временного отката цена обязательно продолжает снижаться. Более выгодная цена более важна на рынке Форекс, на рынке бинарных опционов для нас не имеет значения, насколько пунктов изменилась цена, важно только направление, поэтому приобретать опцион PUT можно, не дожидаясь отката. 
Трейдеры, использующие тактику длительное время, рекомендуют перед покупкой опциона по тактике Double Red визуально определить линию сопротивления для цены и приобретать опцион PUT, когда цена отскочила от этой линии и сформировала две медвежьи свечи подряд, при этом цена закрытия второй свечи ниже первой. 
В этом случае вероятность успеха по опциону повышается.

","Тактика бинарных опционов Double Red относится к стратегиям, которые применяются при снижении рыночной цены актива. Она требует покупки опционов типа PUT, предполагающих получение прибыли при падении цены. Для покупки опциона PUT при наблюдаемом снижении стоимости необходимо дождаться появления на графике двух последовательных свечей, отражающих уменьшение цены. При этом цена закрытия второй свечи должна быть ниже цены закрытия первой свечи. Если цена закрытия второй свечи находится ниже минимального значения предыдущей свечи, это считается сильным индикатором возможного дальнейшего снижения стоимости актива. Такое предположение основано на том, что если цена уменьшается в течение двух последовательных свечей, следующая свеча может отражать кратковременное повышение цены, после чего снижение обычно продолжается. На валютном рынке Форекс важна величина изменения цены, поэтому более низкая цена покупки может быть выгодна. В торговле бинарными опционами значение имеет только направление изменения цены, а не его величина, поэтому опцион PUT можно купить, не ожидая кратковременного повышения. Участники рынка, которые применяют эту стратегию долгое время, рекомендуют перед покупкой опциона визуально определить горизонтальный уровень, при котором ранее наблюдались остановки роста цены, и покупать опцион PUT после того, как цена снова достигнет этого уровня и снизится в течение двух последовательных свечей, при этом вторая свеча должна закрыться по более низкой цене, чем первая. В таком случае вероятность получения прибыли по опциону увеличивается.",,,,"Так как тактика бинарных опционов Double Red является стратегией, ориентированной на снижение цены, она предполагает торговлю на понижении и покупку опционов PUT. Для того чтобы приобрести опцион PUT при нисходящем тренде, необходимо дождаться появления на графике двух последовательных свечей, отображающих снижение цены, причем цена закрытия второй свечи должна быть ниже цены закрытия первой свечи. Если цена закрытия второй свечи также ниже минимальной цены первой свечи, это является наиболее надежным индикатором дальнейшего снижения цены. Почему это так? Разработчики тактики Double Red исходили из того, что если цена актива снижается на протяжении двух свечей подряд, то третья свеча может демонстрировать временный рост, что дает возможность приобрести актив по более низкой цене. После такого временного роста цена, как правило, снова начинает снижаться. Для рынка Форекс более выгодная цена является значимой, поскольку там важна величина изменения цены. На рынке бинарных опционов важна не величина изменения цены, а лишь направление движения, поэтому опцион PUT можно приобрести, не дожидаясь временного роста. Трейдеры, применяющие эту тактику в течение длительного времени, рекомендуют перед покупкой опциона Double Red визуально определить уровень сопротивления цены и приобретать опцион PUT в тот момент, когда цена отскакивает от этого уровня и на графике появляются две последовательные свечи, показывающие снижение цены, причем цена закрытия второй свечи ниже цены закрытия первой. В таком случае вероятность успешной сделки по опциону увеличивается.",,,,
Новости База тг,2026,Новости,"Торговые центры ждёт сильная трансформация. На месте магазинов появится ещё больше спортивных залов, МФЦ, медицинских услуг и офисов.

Стоимость помещений в ТЦ Москвы с 2019 года снизилась с 600 до 440 тысяч рублей за квадратный метр, а показатель инвестиционной доходности (CAP Rate — сколько процентов в год приносит объект инвестору), напротив, вырос, рассказали в компании MalinaProperty.

Снижение цен связано с падением трафика в торговых центрах, объясняет независимый эксперт по ритейлу Михаил Лачугин. Рост CAP Rate, в свою очередь, показывает, что инвесторы считают рынок более рискованным и готовы вкладываться только при более высокой доходности.

ТЦ переродятся в шоурумы и общественные пространства. На месте магазинов с одеждой, продуктами и техникой будет больше фастфуда, индустрии развлечений и МФЦ. Бутики останутся, но будут более нишевыми.

Магазины в торговых центрах также заменит спорт — тренажёрные залы, студии йоги, гимнастики, растяжки, танцев, а также офисы, добавляет вице-президент Российской ассоциации экспертов рынка ритейла Алексей Блюмкин.

Причина изменений в том, что ТЦ теряют торговую функцию: люди вместо похода в офлайн-магазин заказывают товары на маркетплейсах, а вместо супермаркета — доставку. Это дешевле и часто удобнее.","Торговые центры ожидают значительные изменения. На месте магазинов будет расположено ещё больше спортивных залов, многофункциональных центров, медицинских учреждений и офисов.

Стоимость помещений в торговых центрах Москвы с 2019 года снизилась с 600 до 440 тысяч рублей за квадратный метр, а показатель инвестиционной доходности (CAP Rate — сколько процентов в год приносит объект инвестору), напротив, увеличился, рассказали в компании MalinaProperty.

Снижение цен обусловлено уменьшением количества посетителей торговых центров, объясняет независимый эксперт по ритейлу Михаил Лачугин. Увеличение CAP Rate, в свою очередь, свидетельствует о том, что инвесторы воспринимают рынок как более рискованный и готовы инвестировать только при условии более высокой доходности.

В торговых центрах появятся шоурумы и общественные пространства. На месте магазинов с одеждой, продуктами и техникой будет больше заведений быстрого питания, предприятий сферы развлечений и многофункциональных центров. Бутики сохранятся, но будут ориентированы на более узкие сегменты рынка.

Магазины в торговых центрах также заменят спортивные заведения — тренажёрные залы, студии йоги, гимнастики, растяжки, танцев, а также офисы, добавляет вице-президент Российской ассоциации экспертов рынка ритейла Алексей Блюмкин.

Причина изменений заключается в том, что торговые центры утрачивают свою торговую функцию: люди вместо посещения физических магазинов заказывают товары на маркетплейсах, а вместо посещения супермаркета — пользуются услугой доставки. Это обходится дешевле и часто является более удобным вариантом.","Торговые центры ожидают значительные изменения. На месте магазинов будет расположено ещё больше спортивных залов, многофункциональных центров, медицинских учреждений и офисов.

Стоимость помещений в торговых центрах Москвы с 2019 года снизилась с 600 до 440 тысяч рублей за квадратный метр, а показатель инвестиционной доходности (CAP Rate — сколько процентов в год приносит объект инвестору), напротив, увеличился, рассказали в компании MalinaProperty.

Снижение цен обусловлено уменьшением количества посетителей торговых центров, объясняет независимый эксперт по ритейлу Михаил Лачугин. Увеличение CAP Rate, в свою очередь, свидетельствует о том, что инвесторы воспринимают рынок как более рискованный и готовы инвестировать только при условии более высокой доходности.

В торговых центрах появятся шоурумы и общественные пространства. На месте магазинов с одеждой, продуктами и техникой будет больше заведений быстрого питания, предприятий сферы развлечений и многофункциональных центров. Бутики сохранятся, но будут ориентированы на более узкие сегменты рынка.

Магазины в торговых центрах также заменят спортивные заведения — тренажёрные залы, студии йоги, гимнастики, растяжки, танцев, а также офисы, добавляет вице-президент Российской ассоциации экспертов рынка ритейла Алексей Блюмкин.

Причина изменений заключается в том, что торговые центры утрачивают свою торговую функцию: люди вместо посещения физических магазинов заказывают товары на маркетплейсах, а вместо посещения супермаркета — пользуются услугой доставки. Это обходится дешевле и часто является более удобным вариантом.","Торговые центры ожидают значительные изменения. Вместо магазинов в них разместится больше спортивных залов, многофункциональных центров, медицинских учреждений и офисов.

Цена помещений в торговых центрах Москвы с 2019 года снизилась с 600 до 440 тысяч рублей за квадратный метр, а показатель инвестиционной доходности (CAP Rate — процентная ставка годовой прибыли от объекта для инвестора), наоборот, увеличился, сообщает компания MalinaProperty.

Снижение стоимости вызвано уменьшением количества посетителей торговых центров, поясняет независимый эксперт по ритейлу Михаил Лачугин. Повышение CAP Rate свидетельствует о том, что инвесторы воспринимают рынок как более рискованный и готовы инвестировать только при условии более высокой доходности.

Торговые центры превратятся в выставочные залы и общественные пространства. Вместо магазинов одежды, продуктов и техники появится больше заведений быстрого питания, развлекательных заведений и многофункциональных центров. Бутики останутся, но станут более специализированными.

Магазины в торговых центрах будут заменены спортивными учреждениями — тренажёрными залами, студиями йоги, гимнастики, растяжки, танцев, а также офисами, уточняет вице-президент Российской ассоциации экспертов рынка ритейла Алексей Блюмкин.

Причина изменений заключается в том, что торговые центры утрачивают свою торговую функцию: люди вместо посещения офлайн-магазинов заказывают товары на маркетплейсах, а вместо походов в супермаркет пользуются доставкой. Это обходится дешевле и часто удобнее.",,,,,,,,,